[{"name":"__cflb","value":"02DiuJUE9AXu3yz1L2YAa7je4yxFB2NnW2gKD9V9haNLU","domain":"betplay.com.co","path":"/","expires":1677188259.384848,"httpOnly":true,"secure":true,"sameSite":"None"},{"name":"bkdc","value":"phx","domain":".bluekai.com","path":"/","expires":1692657460.028662,"httpOnly":false,"secure":true,"sameSite":"None"},{"name":"bku","value":"bH1O9euj2ZBht+Wl","domain":".bluekai.com","path":"/","expires":1692657490.057142,"httpOnly":false,"secure":true,"sameSite":"None"},{"name":"_gcl_au","value":"1.1.470189152.1677105461","domain":".betplay.com.co","path":"/","expires":1684881461,"httpOnly":false,"secure":false,"sameSite":"Lax"},{"name":"ol-OL_LIB_INSTALL_TIME","value":"1677105461537","domain":".betplay.com.co","path":"/","expires":1711665461.537437,"httpOnly":false,"secure":false,"sameSite":"Lax"},{"name":"ol-OL_APP_CLEAN_INSTALL_TIME","value":"1677105461537","domain":".betplay.com.co","path":"/","expires":1711665461.537544,"httpOnly":false,"secure":false,"sameSite":"Lax"},{"name":"_gid","value":"GA1.3.829489503.1677105462","domain":".betplay.com.co","path":"/","expires":1677191890,"httpOnly":false,"secure":false,"sameSite":"Lax"},{"name":"_gat_UA-102849729-1","value":"1","domain":".betplay.com.co","path":"/","expires":1677105521,"httpOnly":false,"secure":false,"sameSite":"Lax"},{"name":"_gat_gtag_UA_102849729_2","value":"1","domain":".betplay.com.co","path":"/","expires":1677105521,"httpOnly":false,"secure":false,"sameSite":"Lax"},{"name":"ol-OL_Session_Id","value":"b51b3f5a-41ef-4e94-9236-39cd38943b11","domain":".betplay.com.co","path":"/","expires":1677106390,"httpOnly":false,"secure":false,"sameSite":"Lax"},{"name":"ol-OL_Phash","value":"","domain":".betplay.com.co","path":"/","expires":1677106390,"httpOnly":false,"secure":false,"sameSite":"Lax"},{"name":"_fbp","value":"fb.2.1677105461640.542144612","domain":".betplay.com.co","path":"/","expires":1684881490,"httpOnly":false,"secure":false,"sameSite":"Lax"},{"name":"_hjFirstSeen","value":"1","domain":".betplay.com.co","path":"/","expires":1677107261,"httpOnly":false,"secure":true,"sameSite":"None"},{"name":"_hjIncludedInSessionSample_1443139","value":"1","domain":".betplay.com.co","path":"/","expires":1677105610,"httpOnly":false,"secure":true,"sameSite":"None"},{"name":"_hjSession_1443139","value":"eyJpZCI6IjNhYzY1YmJiLTk3NjEtNDAzYS1hZjdiLWYwZjhhOTM5M2RmYiIsImNyZWF0ZWQiOjE2NzcxMDU0NjE2ODUsImluU2FtcGxlIjp0cnVlfQ==","domain":".betplay.com.co","path":"/","expires":1677107290,"httpOnly":false,"secure":true,"sameSite":"None"},{"name":"_hjAbsoluteSessionInProgress","value":"0","domain":".betplay.com.co","path":"/","expires":1677107290,"httpOnly":false,"secure":true,"sameSite":"None"},{"name":"_sp_srt_ses.5efb","value":"*","domain":".betplay.com.co","path":"/","expires":1677107290,"httpOnly":false,"secure":true,"sameSite":"None"},{"name":"uuid2","value":"5779011627110702803","domain":".adnxs.com","path":"/","expires":1684881490.456887,"httpOnly":true,"secure":true,"sameSite":"None"},{"name":"c","value":"1677105462","domain":".sportradarserving.com","path":"/","expires":1708641462.5314,"httpOnly":false,"secure":true,"sameSite":"None"},{"name":"zuuid_lu","value":"1677105462","domain":".sportradarserving.com","path":"/","expires":1708641462.823855,"httpOnly":false,"secure":true,"sameSite":"None"},{"name":"zuuid","value":"03bd0a2c-ccf9-4fcd-be21-3a0849aced69","domain":".sportradarserving.com","path":"/","expires":1708641462.823804,"httpOnly":false,"secure":true,"sameSite":"None"},{"name":"zuuid_k","value":"1","domain":".sportradarserving.com","path":"/","expires":1708641462.823876,"httpOnly":false,"secure":true,"sameSite":"None"},{"name":"zuuid_k_lu","value":"1677105462","domain":".sportradarserving.com","path":"/","expires":1708641462.823897,"httpOnly":false,"secure":true,"sameSite":"None"},{"name":"cm4","value":"!bidswitch,446434662","domain":".sportradarserving.com","path":"/","expires":1708641462.823917,"httpOnly":false,"secure":true,"sameSite":"None"},{"name":"bss","value":"!bidswitch,446362662","domain":".sportradarserving.com","path":"/","expires":1708641462.823937,"httpOnly":false,"secure":true,"sameSite":"None"},{"name":"c","value":"1677105463","domain":".bidswitch.net","path":"/","expires":1708641463.458087,"httpOnly":false,"secure":true,"sameSite":"None"},{"name":"tuuid_lu","value":"1677105463","domain":".bidswitch.net","path":"/","expires":1708641463.576918,"httpOnly":false,"secure":true,"sameSite":"None"},{"name":"tuuid","value":"84614144-da87-4b20-af3b-1f7df27b58f2","domain":".bidswitch.net","path":"/","expires":1708641463.576896,"httpOnly":false,"secure":true,"sameSite":"None"},{"name":"_swu","value":"4da56e91-5122-4cbb-b9c1-5915de1d078d","domain":"betplay.com.co","path":"/","expires":1711665490.418573,"httpOnly":false,"secure":false,"sameSite":"Lax"},{"name":"tuuid","value":"43844f9c-0616-49f6-9a7f-a30c354339d0","domain":".360yield.com","path":"/","expires":1684881463.945242,"httpOnly":false,"secure":true,"sameSite":"None"},{"name":"tuuid_lu","value":"1677105463","domain":".360yield.com","path":"/","expires":1684881463.945324,"httpOnly":false,"secure":true,"sameSite":"None"},{"name":"ljt_reader","value":"GM5NCQZHapXRAFwZS36W9FlP","domain":".lijit.com","path":"/","expires":1708641464.16717,"httpOnly":false,"secure":true,"sameSite":"None"},{"name":"um","value":"!191,26fS0uvFPyqb7pKCgU5AdpnCfuZVds1Hw15-Y31yvTBVsNbRPuvE4hF1JMD-jAeetjA,1684881464","domain":".360yield.com","path":"/","expires":1684881464.054571,"httpOnly":false,"secure":true,"sameSite":"None"},{"name":"umeh","value":"!191,0,1739313464,-1","domain":".360yield.com","path":"/","expires":1684881464.054709,"httpOnly":false,"secure":true,"sameSite":"None"},{"name":"_ljtrtb_26","value":"84614144-da87-4b20-af3b-1f7df27b58f2","domain":".lijit.com","path":"/","expires":1708641464.167085,"httpOnly":false,"secure":true,"sameSite":"None"},{"name":"uuid","value":"53fb63f6-993e-4c00-8090-98df982c9523","domain":".mathtag.com","path":"/","expires":1711060670.277231,"httpOnly":false,"secure":true,"sameSite":"None"},{"name":"bito","value":"AAHAXk7H7TIAACEBhjKkTA","domain":".bidr.io","path":"/","expires":1711215470.39722,"httpOnly":false,"secure":true,"sameSite":"None"},{"name":"bitoIsSecure","value":"ok","domain":".bidr.io","path":"/","expires":1711215470.397251,"httpOnly":false,"secure":true,"sameSite":"None"},{"name":"CxtId","value":"a3d8b797-fbea-4fb7-915a-f2743b721167","domain":".connextra.com","path":"/","expires":1708641481.947579,"httpOnly":false,"secure":true,"sameSite":"None"},{"name":"checkForPermission","value":"ok","domain":".bidr.io","path":"/","expires":1677106071.370245,"httpOnly":false,"secure":true,"sameSite":"None"},{"name":"mt_misc","value":"mt_bt:1677105480","domain":".mathtag.com","path":"/","expires":1679697480.722749,"httpOnly":false,"secure":true,"sameSite":"None"},{"name":"UserId","value":"89P4FGH316892X41S255","domain":".betplay.com.co","path":"/","expires":-1,"httpOnly":false,"secure":false,"sameSite":"Lax"},{"name":"ol-OL_Prev_Tracking_ID","value":"@OL@dc3e419b4cb1ad6346bd053a426b","domain":".betplay.com.co","path":"/","expires":1711665480.9594,"httpOnly":false,"secure":false,"sameSite":"Lax"},{"name":"ol-OL_Tracking_ID","value":"89P4FGH316892X41S255","domain":".betplay.com.co","path":"/","expires":1711665480.95948,"httpOnly":false,"secure":false,"sameSite":"Lax"},{"name":"_sr_ads","value":"2c187d10-a118-444b-8345-5966e25ac528","domain":".sportradar.com","path":"/","expires":1708641493.183385,"httpOnly":true,"secure":true,"sameSite":"None"},{"name":"Betplay","value":"P%7Cloggedin%7C1%7C202302222238%0AP%7Chomepage%7C1%7C202302222237","domain":".connextra.com","path":"/","expires":1708641481.662178,"httpOnly":true,"secure":true,"sameSite":"None"},{"name":"_hjSessionUser_1443139","value":"eyJpZCI6ImJlYmRlNzM3LTE3MGQtNTY1Zi1iZDkyLTZmYzIwOGVkYTM5MSIsImNyZWF0ZWQiOjE2NzcxMDU0NjE2ODAsImV4aXN0aW5nIjp0cnVlfQ==","domain":".betplay.com.co","path":"/","expires":1708641490,"httpOnly":false,"secure":true,"sameSite":"None"},{"name":"_sws","value":"2.s(src=https://betplay.com.co/slots)","domain":"betplay.com.co","path":"/","expires":-1,"httpOnly":false,"secure":false,"sameSite":"Lax"},{"name":"_ga_JDCDXSL1G7","value":"GS1.1.1677105461.1.1.1677105490.31.0.0","domain":".betplay.com.co","path":"/","expires":1711665490.365531,"httpOnly":false,"secure":false,"sameSite":"Lax"},{"name":"_ga","value":"GA1.1.2133122184.1677105462","domain":".betplay.com.co","path":"/","expires":1711665490.365855,"httpOnly":false,"secure":false,"sameSite":"Lax"},{"name":"_sww","value":"2.u[~0,~0,~0,~0,~0]v[~gn3pq,~3,~0]a()","domain":"betplay.com.co","path":"/","expires":1708641490,"httpOnly":false,"secure":false,"sameSite":"Lax"},{"name":"anj","value":"dTM7k!M4/8D>6NRF']wIg2In7fi5qk!b0HP<Zse=47YS#XstGt!@GBg%oUg7","domain":".adnxs.com","path":"/","expires":1684881490.456863,"httpOnly":true,"secure":true,"sameSite":"None"},{"name":"_sp_srt_id.5efb","value":"4703af49-e8f9-436b-a905-c2e713899053.1677105462.1.1677105491.1677105462.124b01c5-ff09-41b1-90b3-2cbc92fc4626","domain":".betplay.com.co","path":"/","expires":1711665490.754025,"httpOnly":false,"secure":true,"sameSite":"None"}]